RunID,Timestamp,RunNumber,V_reverse_V,V_acceleration_V,V_heater_V,CH1_min_V,CH1_max_V,CH2_min_V,CH2_max_V,Points,Folder,Notes
FH_20261001_135549_R01_Vr6p00_Va40p00_Vh8p00,2026-10-01 13:55:49,1,6,40,8,-0.0350,5.4050,-8.1920,11.5840,1250000,"C:\Users\Owner\Desktop\FL2026\Physics 4027\Franck-Hertz\01OCT26\FH_20261001_135549_R01_Vr6p00_Va40p00_Vh8p00",""
FH_20261001_140057_R02_Vr2p00_Va40p00_Vh8p00,2026-10-01 14:00:57,2,2,40,8,0.0050,5.4050,-8.1920,11.5840,1250000,"C:\Users\Owner\Desktop\FL2026\Physics 4027\Franck-Hertz\01OCT26\FH_20261001_140057_R02_Vr2p00_Va40p00_Vh8p00",""
FH_20261001_140739_R04_Vr4p00_Va40p00_Vh8p00,2026-10-01 14:07:39,4,4,40,8,0.0050,5.3650,-8.1920,11.2960,1250000,"C:\Users\Owner\Desktop\FL2026\Physics 4027\Franck-Hertz\01OCT26\FH_20261001_140739_R04_Vr4p00_Va40p00_Vh8p00",""
FH_20261001_141120_R05_Vr8p00_Va40p00_Vh8p00,2026-10-01 14:11:20,5,8,40,8,-0.0350,5.3250,-8.1920,11.2960,1250000,"C:\Users\Owner\Desktop\FL2026\Physics 4027\Franck-Hertz\01OCT26\FH_20261001_141120_R05_Vr8p00_Va40p00_Vh8p00",""
FH_20261001_141503_R06_Vr10p00_Va40p00_Vh8p00,2026-10-01 14:15:03,6,10,40,8,0.0050,5.4050,-8.1920,10.6240,1250000,"C:\Users\Owner\Desktop\FL2026\Physics 4027\Franck-Hertz\01OCT26\FH_20261001_141503_R06_Vr10p00_Va40p00_Vh8p00",""
FH_20261001_141831_R07_Vr2p00_Va20p00_Vh8p00,2026-10-01 14:18:31,7,2,20,8,0.0050,2.6050,-0.5120,2.6560,1250000,"C:\Users\Owner\Desktop\FL2026\Physics 4027\Franck-Hertz\01OCT26\FH_20261001_141831_R07_Vr2p00_Va20p00_Vh8p00",""
FH_20261001_142048_R08_Vr2p00_Va60p00_Vh8p00,2026-10-01 14:20:48,8,2,60,8,-0.0350,7.4450,-8.1920,11.5840,1250000,"C:\Users\Owner\Desktop\FL2026\Physics 4027\Franck-Hertz\01OCT26\FH_20261001_142048_R08_Vr2p00_Va60p00_Vh8p00",""
FH_20261001_142326_R09_Vr2p00_Va80p00_Vh8p00,2026-10-01 14:23:26,9,2,80,8,-0.0350,8.0050,-8.1920,11.5840,1250000,"C:\Users\Owner\Desktop\FL2026\Physics 4027\Franck-Hertz\01OCT26\FH_20261001_142326_R09_Vr2p00_Va80p00_Vh8p00",""
FH_20261001_142812_R10_Vr4p00_Va20p00_Vh8p00,2026-10-01 14:28:12,10,4,20,8,0.0050,2.6850,-1.0880,2.0800,1250000,"C:\Users\Owner\Desktop\FL2026\Physics 4027\Franck-Hertz\01OCT26\FH_20261001_142812_R10_Vr4p00_Va20p00_Vh8p00",""
FH_20261001_143117_R11_Vr4p00_Va20p00_Vh8p00,2026-10-01 14:31:17,11,4,20,8,0.0050,2.7250,-1.7600,2.1760,1250000,"C:\Users\Owner\Desktop\FL2026\Physics 4027\Franck-Hertz\01OCT26\FH_20261001_143117_R11_Vr4p00_Va20p00_Vh8p00",""
FH_20261001_143400_R12_Vr6p00_Va20p00_Vh8p00,2026-10-01 14:34:00,12,6,20,8,0.0050,2.7250,-2.5280,1.6000,1250000,"C:\Users\Owner\Desktop\FL2026\Physics 4027\Franck-Hertz\01OCT26\FH_20261001_143400_R12_Vr6p00_Va20p00_Vh8p00",""
FH_20261001_143630_R13_Vr8p00_Va20p00_Vh8p00,2026-10-01 14:36:30,13,8,20,8,0.0050,2.7250,-3.1040,1.5040,1250000,"C:\Users\Owner\Desktop\FL2026\Physics 4027\Franck-Hertz\01OCT26\FH_20261001_143630_R13_Vr8p00_Va20p00_Vh8p00",""
FH_20261001_144249_R14_Vr10p00_Va20p00_Vh8p00,2026-10-01 14:42:49,14,10,20,8,0.0050,2.7250,-0.4160,0.5440,1250000,"C:\Users\Owner\Desktop\FL2026\Physics 4027\Franck-Hertz\01OCT26\FH_20261001_144249_R14_Vr10p00_Va20p00_Vh8p00",""
FH_20261001_144625_R15_Vr2p00_Va60p00_Vh8p00,2026-10-01 14:46:25,15,2,60,8,0.0050,7.8050,-2.0480,0.8320,1250000,"C:\Users\Owner\Desktop\FL2026\Physics 4027\Franck-Hertz\01OCT26\FH_20261001_144625_R15_Vr2p00_Va60p00_Vh8p00",""
FH_20261001_144844_R16_Vr4p00_Va60p00_Vh8p00,2026-10-01 14:48:44,16,4,60,8,-0.0350,7.8050,-2.0480,0.8320,1250000,"C:\Users\Owner\Desktop\FL2026\Physics 4027\Franck-Hertz\01OCT26\FH_20261001_144844_R16_Vr4p00_Va60p00_Vh8p00",""
FH_20261001_145126_R17_Vr6p00_Va60p00_Vh8p00,2026-10-01 14:51:26,17,6,60,8,-0.0350,7.8050,-2.0480,0.8320,1250000,"C:\Users\Owner\Desktop\FL2026\Physics 4027\Franck-Hertz\01OCT26\FH_20261001_145126_R17_Vr6p00_Va60p00_Vh8p00",""
FH_20261001_145327_R18_Vr8p00_Va60p00_Vh8p00,2026-10-01 14:53:27,18,8,60,8,-0.0350,7.8450,-2.0480,0.8320,1250000,"C:\Users\Owner\Desktop\FL2026\Physics 4027\Franck-Hertz\01OCT26\FH_20261001_145327_R18_Vr8p00_Va60p00_Vh8p00",""
FH_20261001_145547_R19_Vr10p00_Va60p00_Vh8p00,2026-10-01 14:55:47,19,10,60,8,-0.0350,7.8850,-2.0480,0.8320,1250000,"C:\Users\Owner\Desktop\FL2026\Physics 4027\Franck-Hertz\01OCT26\FH_20261001_145547_R19_Vr10p00_Va60p00_Vh8p00",""
FH_20261001_145849_R20_Vr2p00_Va80p00_Vh8p00,2026-10-01 14:58:49,20,2,80,8,-0.0350,8.0050,-2.7200,0.8320,1250000,"C:\Users\Owner\Desktop\FL2026\Physics 4027\Franck-Hertz\01OCT26\FH_20261001_145849_R20_Vr2p00_Va80p00_Vh8p00",""
FH_20261001_150107_R21_Vr4p00_Va80p00_Vh8p00,2026-10-01 15:01:07,21,4,80,8,-0.0350,8.0050,-2.7200,0.8320,1250000,"C:\Users\Owner\Desktop\FL2026\Physics 4027\Franck-Hertz\01OCT26\FH_20261001_150107_R21_Vr4p00_Va80p00_Vh8p00",""
FH_20261001_150326_R22_Vr6p00_Va80p00_Vh8p00,2026-10-01 15:03:26,22,6,80,8,-0.0350,8.0050,-2.7200,0.8320,1250000,"C:\Users\Owner\Desktop\FL2026\Physics 4027\Franck-Hertz\01OCT26\FH_20261001_150326_R22_Vr6p00_Va80p00_Vh8p00",""
FH_20261001_150517_R23_Vr8p00_Va80p00_Vh8p00,2026-10-01 15:05:17,23,8,80,8,-0.0350,8.0050,-2.7200,0.9280,1250000,"C:\Users\Owner\Desktop\FL2026\Physics 4027\Franck-Hertz\01OCT26\FH_20261001_150517_R23_Vr8p00_Va80p00_Vh8p00",""
FH_20261001_150707_R24_Vr10p00_Va80p00_Vh8p00,2026-10-01 15:07:07,24,10,80,8,-0.0350,8.0050,-2.7200,0.9280,1250000,"C:\Users\Owner\Desktop\FL2026\Physics 4027\Franck-Hertz\01OCT26\FH_20261001_150707_R24_Vr10p00_Va80p00_Vh8p00",""
FH_20261001_151523_R25_Vr2p00_Va20p00_Vh6p00,2026-10-01 15:15:23,25,2,20,6,-0.0350,2.9650,-0.0320,0.3520,1250000,"C:\Users\Owner\Desktop\FL2026\Physics 4027\Franck-Hertz\01OCT26\FH_20261001_151523_R25_Vr2p00_Va20p00_Vh6p00",""
FH_20261001_151740_R26_Vr4p00_Va20p00_Vh6p00,2026-10-01 15:17:40,26,4,20,6,0.0050,2.9650,-0.1280,0.4480,1250000,"C:\Users\Owner\Desktop\FL2026\Physics 4027\Franck-Hertz\01OCT26\FH_20261001_151740_R26_Vr4p00_Va20p00_Vh6p00",""
FH_20261001_152012_R27_Vr6p00_Va20p00_Vh6p00,2026-10-01 15:20:12,27,6,20,6,0.0050,2.9650,-0.0320,2.5600,1250000,"C:\Users\Owner\Desktop\FL2026\Physics 4027\Franck-Hertz\01OCT26\FH_20261001_152012_R27_Vr6p00_Va20p00_Vh6p00",""
FH_20261001_152311_R28_Vr8p00_Va20p00_Vh6p00,2026-10-01 15:23:11,28,8,20,6,-0.0350,2.9650,-0.7040,0.8320,1250000,"C:\Users\Owner\Desktop\FL2026\Physics 4027\Franck-Hertz\01OCT26\FH_20261001_152311_R28_Vr8p00_Va20p00_Vh6p00",""
FH_20261001_152857_R29_Vr10p00_Va20p00_Vh6p00,2026-10-01 15:28:57,29,10,20,6,-0.0350,2.9650,-0.8960,0.8320,1250000,"C:\Users\Owner\Desktop\FL2026\Physics 4027\Franck-Hertz\01OCT26\FH_20261001_152857_R29_Vr10p00_Va20p00_Vh6p00",""
FH_20261001_153325_R30_Vr2p00_Va40p00_Vh6p00,2026-10-01 15:33:25,30,2,40,6,-0.0350,4.8450,-0.2240,3.3280,1250000,"C:\Users\Owner\Desktop\FL2026\Physics 4027\Franck-Hertz\01OCT26\FH_20261001_153325_R30_Vr2p00_Va40p00_Vh6p00",""
FH_20261001_153931_R32_Vr6p00_Va40p00_Vh6p00,2026-10-01 15:39:31,32,6,40,6,-0.0350,4.8450,-0.2240,0.4480,1250000,"C:\Users\Owner\Desktop\FL2026\Physics 4027\Franck-Hertz\01OCT26\FH_20261001_153931_R32_Vr6p00_Va40p00_Vh6p00",""
FH_20261001_154257_R33_Vr8p00_Va40p00_Vh6p00,2026-10-01 15:42:57,33,8,40,6,-0.0350,4.8050,-0.2240,0.4480,1250000,"C:\Users\Owner\Desktop\FL2026\Physics 4027\Franck-Hertz\01OCT26\FH_20261001_154257_R33_Vr8p00_Va40p00_Vh6p00",""
FH_20261001_154647_R34_Vr10p00_Va40p00_Vh6p00,2026-10-01 15:46:47,34,10,40,6,-0.0350,4.7650,-0.2240,0.3520,1250000,"C:\Users\Owner\Desktop\FL2026\Physics 4027\Franck-Hertz\01OCT26\FH_20261001_154647_R34_Vr10p00_Va40p00_Vh6p00",""
FH_20261001_160239_R35_Vr2p00_Va60p00_Vh6p00,2026-10-01 16:02:39,35,2,60,6,-0.0350,7.8050,-0.4160,0.4480,1250000,"C:\Users\Owner\Desktop\FL2026\Physics 4027\Franck-Hertz\01OCT26\FH_20261001_160239_R35_Vr2p00_Va60p00_Vh6p00",""
FH_20261001_160920_R36_Vr4p00_Va60p00_Vh6p00,2026-10-01 16:09:20,36,4,60,6,-0.0350,7.5650,-1.4720,0.7360,1250000,"C:\Users\Owner\Desktop\FL2026\Physics 4027\Franck-Hertz\01OCT26\FH_20261001_160920_R36_Vr4p00_Va60p00_Vh6p00",""
FH_20261001_161145_R37_Vr6p00_Va60p00_Vh6p00,2026-10-01 16:11:45,37,6,60,6,-0.0350,7.5650,-1.6640,0.6400,1250000,"C:\Users\Owner\Desktop\FL2026\Physics 4027\Franck-Hertz\01OCT26\FH_20261001_161145_R37_Vr6p00_Va60p00_Vh6p00",""
FH_20261001_161756_R38_Vr8p00_Va60p00_Vh6p00,2026-10-01 16:17:56,38,8,60,6,-0.0350,7.5250,-1.8560,0.5440,1250000,"C:\Users\Owner\Desktop\FL2026\Physics 4027\Franck-Hertz\01OCT26\FH_20261001_161756_R38_Vr8p00_Va60p00_Vh6p00",""
FH_20261001_161958_R39_Vr10p00_Va60p00_Vh6p00,2026-10-01 16:19:58,39,10,60,6,-0.0350,7.5650,-1.7600,0.6400,1250000,"C:\Users\Owner\Desktop\FL2026\Physics 4027\Franck-Hertz\01OCT26\FH_20261001_161958_R39_Vr10p00_Va60p00_Vh6p00",""
FH_20261001_162701_R41_Vr2p00_Va80p00_Vh6p00,2026-10-01 16:27:01,41,2,80,6,-0.0350,8.0050,-1.4720,2.2720,1250000,"C:\Users\Owner\Desktop\FL2026\Physics 4027\Franck-Hertz\01OCT26\FH_20261001_162701_R41_Vr2p00_Va80p00_Vh6p00",""
FH_20261001_163041_R42_Vr4p00_Va80p00_Vh6p00,2026-10-01 16:30:41,42,4,80,6,-0.0350,8.0050,-2.4320,0.7360,1250000,"C:\Users\Owner\Desktop\FL2026\Physics 4027\Franck-Hertz\01OCT26\FH_20261001_163041_R42_Vr4p00_Va80p00_Vh6p00",""
FH_20261001_163408_R43_Vr6p00_Va80p00_Vh6p00,2026-10-01 16:34:08,43,6,80,6,-0.0350,8.0050,-2.5280,0.7360,1250000,"C:\Users\Owner\Desktop\FL2026\Physics 4027\Franck-Hertz\01OCT26\FH_20261001_163408_R43_Vr6p00_Va80p00_Vh6p00",""
FH_20261001_163617_R44_Vr8p00_Va80p00_Vh6p00,2026-10-01 16:36:17,44,8,80,6,-0.0350,8.0050,-3.0080,0.6400,1250000,"C:\Users\Owner\Desktop\FL2026\Physics 4027\Franck-Hertz\01OCT26\FH_20261001_163617_R44_Vr8p00_Va80p00_Vh6p00",""
FH_20261001_163901_R45_Vr10p00_Va80p00_Vh6p00,2026-10-01 16:39:01,45,10,80,6,-0.0350,8.0050,-2.7200,0.6400,1250000,"C:\Users\Owner\Desktop\FL2026\Physics 4027\Franck-Hertz\01OCT26\FH_20261001_163901_R45_Vr10p00_Va80p00_Vh6p00",""
FH_20261008_134045_R01_Vr2p00_Va20p00_Vh7p00,2026-10-08 13:40:45,1,2,20,7,-0.0350,2.6850,-0.2240,3.0400,1250000,"C:\Users\Owner\Desktop\FL2026\Physics 4027\Franck-Hertz\08OCT26\FH_20261008_134045_R01_Vr2p00_Va20p00_Vh7p00",""
FH_20261008_134334_R02_Vr4p00_Va20p00_Vh7p00,2026-10-08 13:43:34,2,4,20,7,-0.0350,2.7250,-0.8960,1.5040,1250000,"C:\Users\Owner\Desktop\FL2026\Physics 4027\Franck-Hertz\08OCT26\FH_20261008_134334_R02_Vr4p00_Va20p00_Vh7p00",""
FH_20261008_134524_R03_Vr6p00_Va20p00_Vh7p00,2026-10-08 13:45:24,3,6,20,7,-0.0350,2.7250,-8.1920,11.5840,1250000,"C:\Users\Owner\Desktop\FL2026\Physics 4027\Franck-Hertz\08OCT26\FH_20261008_134524_R03_Vr6p00_Va20p00_Vh7p00",""
FH_20261008_134709_R04_Vr8p00_Va20p00_Vh7p00,2026-10-08 13:47:09,4,8,20,7,-0.0350,2.7250,-1.1840,1.0240,1250000,"C:\Users\Owner\Desktop\FL2026\Physics 4027\Franck-Hertz\08OCT26\FH_20261008_134709_R04_Vr8p00_Va20p00_Vh7p00",""
FH_20261008_135014_R05_Vr10p00_Va20p00_Vh7p00,2026-10-08 13:50:14,5,10,20,7,-0.0350,2.6850,-8.1920,11.5840,1250000,"C:\Users\Owner\Desktop\FL2026\Physics 4027\Franck-Hertz\08OCT26\FH_20261008_135014_R05_Vr10p00_Va20p00_Vh7p00",""
FH_20261008_135436_R06_Vr2p00_Va40p00_Vh7p00,2026-10-08 13:54:36,6,2,40,7,-0.0350,5.2450,-7.8080,6.4960,1250000,"C:\Users\Owner\Desktop\FL2026\Physics 4027\Franck-Hertz\08OCT26\FH_20261008_135436_R06_Vr2p00_Va40p00_Vh7p00",""
FH_20261008_135655_R07_Vr4p00_Va40p00_Vh7p00,2026-10-08 13:56:55,7,4,40,7,-0.0350,5.2050,-8.1920,3.6160,1250000,"C:\Users\Owner\Desktop\FL2026\Physics 4027\Franck-Hertz\08OCT26\FH_20261008_135655_R07_Vr4p00_Va40p00_Vh7p00",""
FH_20261008_135954_R08_Vr6p00_Va40p00_Vh7p00,2026-10-08 13:59:54,8,6,40,7,-0.0350,5.2050,-8.1920,2.5600,1250000,"C:\Users\Owner\Desktop\FL2026\Physics 4027\Franck-Hertz\08OCT26\FH_20261008_135954_R08_Vr6p00_Va40p00_Vh7p00",""
FH_20261008_140224_R09_Vr8p00_Va40p00_Vh7p00,2026-10-08 14:02:24,9,8,40,7,-0.0350,5.1650,-8.1920,2.9440,1250000,"C:\Users\Owner\Desktop\FL2026\Physics 4027\Franck-Hertz\08OCT26\FH_20261008_140224_R09_Vr8p00_Va40p00_Vh7p00",""
FH_20261008_140619_R10_Vr10p00_Va40p00_Vh7p00,2026-10-08 14:06:19,10,10,40,7,-0.0350,5.1650,-8.1920,1.6000,1250000,"C:\Users\Owner\Desktop\FL2026\Physics 4027\Franck-Hertz\08OCT26\FH_20261008_140619_R10_Vr10p00_Va40p00_Vh7p00",""
FH_20261008_140819_R11_Vr2p00_Va60p00_Vh7p00,2026-10-08 14:08:19,11,2,60,7,-0.0350,8.0050,-8.1920,11.6800,1250000,"C:\Users\Owner\Desktop\FL2026\Physics 4027\Franck-Hertz\08OCT26\FH_20261008_140819_R11_Vr2p00_Va60p00_Vh7p00",""
FH_20261008_141011_R12_Vr4p00_Va60p00_Vh7p00,2026-10-08 14:10:11,12,4,60,7,-0.0350,8.0050,-8.1920,6.0160,1250000,"C:\Users\Owner\Desktop\FL2026\Physics 4027\Franck-Hertz\08OCT26\FH_20261008_141011_R12_Vr4p00_Va60p00_Vh7p00",""
FH_20261008_141249_R13_Vr6p00_Va60p00_Vh7p00,2026-10-08 14:12:49,13,6,60,7,-0.0350,8.0050,-8.1920,7.8400,1250000,"C:\Users\Owner\Desktop\FL2026\Physics 4027\Franck-Hertz\08OCT26\FH_20261008_141249_R13_Vr6p00_Va60p00_Vh7p00",""
FH_20261008_141538_R14_Vr8p00_Va60p00_Vh7p00,2026-10-08 14:15:38,14,8,60,7,-0.0350,8.0050,-8.1920,6.5920,1250000,"C:\Users\Owner\Desktop\FL2026\Physics 4027\Franck-Hertz\08OCT26\FH_20261008_141538_R14_Vr8p00_Va60p00_Vh7p00",""
FH_20261008_141901_R15_Vr10p00_Va60p00_Vh7p00,2026-10-08 14:19:01,15,10,60,7,-0.0350,8.0050,-8.1920,5.2480,1250000,"C:\Users\Owner\Desktop\FL2026\Physics 4027\Franck-Hertz\08OCT26\FH_20261008_141901_R15_Vr10p00_Va60p00_Vh7p00",""
FH_20261008_142114_R16_Vr2p00_Va80p00_Vh7p00,2026-10-08 14:21:14,16,2,80,7,-0.0350,8.0050,-8.1920,11.5840,1250000,"C:\Users\Owner\Desktop\FL2026\Physics 4027\Franck-Hertz\08OCT26\FH_20261008_142114_R16_Vr2p00_Va80p00_Vh7p00",""
FH_20261008_142329_R17_Vr4p00_Va80p00_Vh7p00,2026-10-08 14:23:29,17,4,80,7,-0.0350,8.0050,-8.1920,11.5840,1250000,"C:\Users\Owner\Desktop\FL2026\Physics 4027\Franck-Hertz\08OCT26\FH_20261008_142329_R17_Vr4p00_Va80p00_Vh7p00",""
FH_20261008_142607_R18_Vr6p00_Va80p00_Vh7p00,2026-10-08 14:26:07,18,6,80,7,-0.0350,8.0050,-8.1920,11.5840,1250000,"C:\Users\Owner\Desktop\FL2026\Physics 4027\Franck-Hertz\08OCT26\FH_20261008_142607_R18_Vr6p00_Va80p00_Vh7p00",""
FH_20261008_142811_R19_Vr8p00_Va80p00_Vh7p00,2026-10-08 14:28:11,19,8,80,7,-0.0350,8.0050,-8.1920,11.5840,1250000,"C:\Users\Owner\Desktop\FL2026\Physics 4027\Franck-Hertz\08OCT26\FH_20261008_142811_R19_Vr8p00_Va80p00_Vh7p00",""
FH_20261008_143016_R20_Vr10p00_Va80p00_Vh7p00,2026-10-08 14:30:16,20,10,80,7,-0.0350,8.0050,-8.1920,11.1040,1250000,"C:\Users\Owner\Desktop\FL2026\Physics 4027\Franck-Hertz\08OCT26\FH_20261008_143016_R20_Vr10p00_Va80p00_Vh7p00",""
FH_20261008_143309_R21_Vr2p00_Va20p00_Vh9p00,2026-10-08 14:33:09,21,2,20,9,-0.0350,2.6450,-0.7040,2.8480,1250000,"C:\Users\Owner\Desktop\FL2026\Physics 4027\Franck-Hertz\08OCT26\FH_20261008_143309_R21_Vr2p00_Va20p00_Vh9p00",""
FH_20261008_143529_R22_Vr4p00_Va20p00_Vh9p00,2026-10-08 14:35:29,22,4,20,9,-0.0350,2.6450,-2.5280,1.9840,1250000,"C:\Users\Owner\Desktop\FL2026\Physics 4027\Franck-Hertz\08OCT26\FH_20261008_143529_R22_Vr4p00_Va20p00_Vh9p00",""
FH_20261008_143820_R23_Vr6p00_Va20p00_Vh9p00,2026-10-08 14:38:20,23,6,20,9,-0.0350,2.6450,-5.1200,2.1760,1250000,"C:\Users\Owner\Desktop\FL2026\Physics 4027\Franck-Hertz\08OCT26\FH_20261008_143820_R23_Vr6p00_Va20p00_Vh9p00",""
FH_20261008_144110_R24_Vr8p00_Va20p00_Vh9p00,2026-10-08 14:41:10,24,8,20,9,-0.0350,2.6450,-8.1920,2.1760,1250000,"C:\Users\Owner\Desktop\FL2026\Physics 4027\Franck-Hertz\08OCT26\FH_20261008_144110_R24_Vr8p00_Va20p00_Vh9p00",""
FH_20261008_144321_R25_Vr10p00_Va20p00_Vh9p00,2026-10-08 14:43:21,25,10,20,9,-0.0350,2.6450,-8.1920,2.6560,1250000,"C:\Users\Owner\Desktop\FL2026\Physics 4027\Franck-Hertz\08OCT26\FH_20261008_144321_R25_Vr10p00_Va20p00_Vh9p00",""
FH_20261008_144555_R26_Vr2p00_Va40p00_Vh9p00,2026-10-08 14:45:55,26,2,40,9,-0.0350,5.1650,-8.1920,11.5840,1250000,"C:\Users\Owner\Desktop\FL2026\Physics 4027\Franck-Hertz\08OCT26\FH_20261008_144555_R26_Vr2p00_Va40p00_Vh9p00",""
FH_20261008_144811_R27_Vr4p00_Va40p00_Vh9p00,2026-10-08 14:48:11,27,4,40,9,-0.0350,5.1650,-8.1920,11.5840,1250000,"C:\Users\Owner\Desktop\FL2026\Physics 4027\Franck-Hertz\08OCT26\FH_20261008_144811_R27_Vr4p00_Va40p00_Vh9p00",""
FH_20261008_145013_R28_Vr6p00_Va40p00_Vh9p00,2026-10-08 14:50:13,28,6,40,9,-0.0350,5.1250,-8.1920,11.5840,1250000,"C:\Users\Owner\Desktop\FL2026\Physics 4027\Franck-Hertz\08OCT26\FH_20261008_145013_R28_Vr6p00_Va40p00_Vh9p00",""
FH_20261008_145223_R29_Vr8p00_Va40p00_Vh9p00,2026-10-08 14:52:23,29,8,40,9,-0.0350,5.1250,-8.1920,11.5840,1250000,"C:\Users\Owner\Desktop\FL2026\Physics 4027\Franck-Hertz\08OCT26\FH_20261008_145223_R29_Vr8p00_Va40p00_Vh9p00",""
FH_20261008_145413_R30_Vr10p00_Va40p00_Vh9p00,2026-10-08 14:54:13,30,10,40,9,-0.0350,5.1650,-8.1920,11.5840,1250000,"C:\Users\Owner\Desktop\FL2026\Physics 4027\Franck-Hertz\08OCT26\FH_20261008_145413_R30_Vr10p00_Va40p00_Vh9p00",""
FH_20261008_145654_R31_Vr2p00_Va60p00_Vh9p00,2026-10-08 14:56:54,31,2,60,9,-0.0350,7.8450,-8.1920,11.5840,1250000,"C:\Users\Owner\Desktop\FL2026\Physics 4027\Franck-Hertz\08OCT26\FH_20261008_145654_R31_Vr2p00_Va60p00_Vh9p00",""
FH_20261008_145848_R32_Vr4p00_Va60p00_Vh9p00,2026-10-08 14:58:48,32,4,60,9,-0.0350,7.8050,-8.1920,11.5840,1250000,"C:\Users\Owner\Desktop\FL2026\Physics 4027\Franck-Hertz\08OCT26\FH_20261008_145848_R32_Vr4p00_Va60p00_Vh9p00",""
FH_20261008_150119_R33_Vr6p00_Va60p00_Vh9p00,2026-10-08 15:01:19,33,6,60,9,-0.0350,7.8450,-8.1920,11.5840,1250000,"C:\Users\Owner\Desktop\FL2026\Physics 4027\Franck-Hertz\08OCT26\FH_20261008_150119_R33_Vr6p00_Va60p00_Vh9p00",""
FH_20261008_150431_R34_Vr8p00_Va60p00_Vh9p00,2026-10-08 15:04:31,34,8,60,9,-0.0350,7.8450,-8.1920,11.5840,1250000,"C:\Users\Owner\Desktop\FL2026\Physics 4027\Franck-Hertz\08OCT26\FH_20261008_150431_R34_Vr8p00_Va60p00_Vh9p00",""
FH_20261008_150650_R35_Vr10p00_Va60p00_Vh9p00,2026-10-08 15:06:50,35,10,60,9,-0.0350,7.9250,-8.1920,11.6800,1250000,"C:\Users\Owner\Desktop\FL2026\Physics 4027\Franck-Hertz\08OCT26\FH_20261008_150650_R35_Vr10p00_Va60p00_Vh9p00",""
FH_20261008_151146_R36_Vr2p00_Va80p00_Vh9p00,2026-10-08 15:11:46,36,2,80,9,-0.0350,8.0050,-8.1920,11.5840,1250000,"C:\Users\Owner\Desktop\FL2026\Physics 4027\Franck-Hertz\08OCT26\FH_20261008_151146_R36_Vr2p00_Va80p00_Vh9p00",""
FH_20261008_151428_R37_Vr4p00_Va80p00_Vh9p00,2026-10-08 15:14:28,37,4,80,9,-0.0350,8.0050,-8.1920,11.5840,1250000,"C:\Users\Owner\Desktop\FL2026\Physics 4027\Franck-Hertz\08OCT26\FH_20261008_151428_R37_Vr4p00_Va80p00_Vh9p00",""
FH_20261008_151628_R38_Vr6p00_Va80p00_Vh9p00,2026-10-08 15:16:28,38,6,80,9,-0.0350,8.0050,-8.1920,11.5840,1250000,"C:\Users\Owner\Desktop\FL2026\Physics 4027\Franck-Hertz\08OCT26\FH_20261008_151628_R38_Vr6p00_Va80p00_Vh9p00",""
FH_20261008_151913_R39_Vr8p00_Va80p00_Vh9p00,2026-10-08 15:19:13,39,8,80,9,-0.0350,8.0050,-8.1920,11.5840,1250000,"C:\Users\Owner\Desktop\FL2026\Physics 4027\Franck-Hertz\08OCT26\FH_20261008_151913_R39_Vr8p00_Va80p00_Vh9p00",""
FH_20261008_152112_R40_Vr10p00_Va80p00_Vh9p00,2026-10-08 15:21:12,40,10,80,9,-0.0350,8.0050,-8.1920,11.5840,1250000,"C:\Users\Owner\Desktop\FL2026\Physics 4027\Franck-Hertz\08OCT26\FH_20261008_152112_R40_Vr10p00_Va80p00_Vh9p00",""
FH_20261008_152526_R41_Vr2p00_Va20p00_Vh10p00,2026-10-08 15:25:26,41,2,20,10,-0.0350,2.6050,-2.6240,3.5200,1250000,"C:\Users\Owner\Desktop\FL2026\Physics 4027\Franck-Hertz\08OCT26\FH_20261008_152526_R41_Vr2p00_Va20p00_Vh10p00",""
FH_20261008_152813_R42_Vr4p00_Va20p00_Vh10p00,2026-10-08 15:28:13,42,4,20,10,-0.0350,2.6050,-8.1920,3.2320,1250000,"C:\Users\Owner\Desktop\FL2026\Physics 4027\Franck-Hertz\08OCT26\FH_20261008_152813_R42_Vr4p00_Va20p00_Vh10p00",""
FH_20261008_153214_R43_Vr6p00_Va20p00_Vh10p00,2026-10-08 15:32:14,43,6,20,10,-0.0350,2.6050,-8.1920,3.6160,1250000,"C:\Users\Owner\Desktop\FL2026\Physics 4027\Franck-Hertz\08OCT26\FH_20261008_153214_R43_Vr6p00_Va20p00_Vh10p00",""
FH_20261008_153356_R44_Vr8p00_Va20p00_Vh10p00,2026-10-08 15:33:56,44,8,20,10,-0.0350,2.6050,-8.1920,3.4240,1250000,"C:\Users\Owner\Desktop\FL2026\Physics 4027\Franck-Hertz\08OCT26\FH_20261008_153356_R44_Vr8p00_Va20p00_Vh10p00",""
FH_20261008_153616_R45_Vr10p00_Va20p00_Vh10p00,2026-10-08 15:36:16,45,10,20,10,-0.0350,2.6050,-8.1920,3.5200,1250000,"C:\Users\Owner\Desktop\FL2026\Physics 4027\Franck-Hertz\08OCT26\FH_20261008_153616_R45_Vr10p00_Va20p00_Vh10p00",""
FH_20261008_153847_R46_Vr2p00_Va40p00_Vh10p00,2026-10-08 15:38:47,46,2,40,10,-0.0350,5.2050,-8.1920,11.5840,1250000,"C:\Users\Owner\Desktop\FL2026\Physics 4027\Franck-Hertz\08OCT26\FH_20261008_153847_R46_Vr2p00_Va40p00_Vh10p00",""
FH_20261008_154133_R47_Vr4p00_Va40p00_Vh10p00,2026-10-08 15:41:33,47,4,40,10,-0.0350,5.2050,-8.1920,11.5840,1250000,"C:\Users\Owner\Desktop\FL2026\Physics 4027\Franck-Hertz\08OCT26\FH_20261008_154133_R47_Vr4p00_Va40p00_Vh10p00",""
FH_20261008_154350_R48_Vr6p00_Va40p00_Vh10p00,2026-10-08 15:43:50,48,6,40,10,-0.0350,5.2050,-8.1920,11.3920,1250000,"C:\Users\Owner\Desktop\FL2026\Physics 4027\Franck-Hertz\08OCT26\FH_20261008_154350_R48_Vr6p00_Va40p00_Vh10p00",""
FH_20261008_154600_R49_Vr8p00_Va40p00_Vh10p00,2026-10-08 15:46:00,49,8,40,10,-0.0350,5.2050,-8.1920,6.4000,1250000,"C:\Users\Owner\Desktop\FL2026\Physics 4027\Franck-Hertz\08OCT26\FH_20261008_154600_R49_Vr8p00_Va40p00_Vh10p00",""
FH_20261008_154812_R50_Vr10p00_Va40p00_Vh10p00,2026-10-08 15:48:12,50,10,40,10,-0.0350,5.2450,-8.1920,6.7840,1250000,"C:\Users\Owner\Desktop\FL2026\Physics 4027\Franck-Hertz\08OCT26\FH_20261008_154812_R50_Vr10p00_Va40p00_Vh10p00",""
FH_20261008_155157_R51_Vr2p00_Va60p00_Vh10p00,2026-10-08 15:51:57,51,2,60,10,-0.0350,7.6450,-8.1920,11.5840,1250000,"C:\Users\Owner\Desktop\FL2026\Physics 4027\Franck-Hertz\08OCT26\FH_20261008_155157_R51_Vr2p00_Va60p00_Vh10p00",""
FH_20261008_155444_R52_Vr4p00_Va60p00_Vh10p00,2026-10-08 15:54:44,52,4,60,10,-0.0350,7.6050,-8.1920,11.5840,1250000,"C:\Users\Owner\Desktop\FL2026\Physics 4027\Franck-Hertz\08OCT26\FH_20261008_155444_R52_Vr4p00_Va60p00_Vh10p00",""
FH_20261008_155646_R53_Vr6p00_Va60p00_Vh10p00,2026-10-08 15:56:46,53,6,60,10,-0.0350,7.6450,-8.1920,11.6800,1250000,"C:\Users\Owner\Desktop\FL2026\Physics 4027\Franck-Hertz\08OCT26\FH_20261008_155646_R53_Vr6p00_Va60p00_Vh10p00",""
FH_20261008_160011_R54_Vr8p00_Va60p00_Vh10p00,2026-10-08 16:00:11,54,8,60,10,-0.0350,7.6450,-8.1920,11.6800,1250000,"C:\Users\Owner\Desktop\FL2026\Physics 4027\Franck-Hertz\08OCT26\FH_20261008_160011_R54_Vr8p00_Va60p00_Vh10p00",""
FH_20261008_160231_R55_Vr10p00_Va60p00_Vh10p00,2026-10-08 16:02:31,55,10,60,10,-0.0350,7.6850,-8.1920,11.5840,1250000,"C:\Users\Owner\Desktop\FL2026\Physics 4027\Franck-Hertz\08OCT26\FH_20261008_160231_R55_Vr10p00_Va60p00_Vh10p00",""
FH_20261008_160457_R56_Vr2p00_Va80p00_Vh10p00,2026-10-08 16:04:57,56,2,80,10,-0.0350,8.0050,-8.1920,11.5840,1250000,"C:\Users\Owner\Desktop\FL2026\Physics 4027\Franck-Hertz\08OCT26\FH_20261008_160457_R56_Vr2p00_Va80p00_Vh10p00",""
FH_20261008_160732_R57_Vr4p00_Va80p00_Vh10p00,2026-10-08 16:07:32,57,4,80,10,-0.0350,8.0050,-8.1920,11.5840,1250000,"C:\Users\Owner\Desktop\FL2026\Physics 4027\Franck-Hertz\08OCT26\FH_20261008_160732_R57_Vr4p00_Va80p00_Vh10p00",""
FH_20261008_160947_R58_Vr6p00_Va80p00_Vh10p00,2026-10-08 16:09:47,58,6,80,10,-0.0350,8.0050,-8.1920,11.5840,1250000,"C:\Users\Owner\Desktop\FL2026\Physics 4027\Franck-Hertz\08OCT26\FH_20261008_160947_R58_Vr6p00_Va80p00_Vh10p00",""
FH_20261008_161158_R59_Vr8p00_Va80p00_Vh10p00,2026-10-08 16:11:58,59,8,80,10,-0.0350,8.0050,-8.1920,11.5840,1250000,"C:\Users\Owner\Desktop\FL2026\Physics 4027\Franck-Hertz\08OCT26\FH_20261008_161158_R59_Vr8p00_Va80p00_Vh10p00",""
FH_20261008_161451_R60_Vr10p00_Va80p00_Vh10p00,2026-10-08 16:14:51,60,10,80,10,-0.0350,8.0050,-8.1920,11.5840,1250000,"C:\Users\Owner\Desktop\FL2026\Physics 4027\Franck-Hertz\08OCT26\FH_20261008_161451_R60_Vr10p00_Va80p00_Vh10p00",""
